release_days_since_2023,benchmark_score,agentic_score,compute_log10_flops,open_weights,autonomous_weapons_spiral
180,55.0,20.0,23.9,0,5.6
365,72.0,35.0,25.3,0,37.7
400,74.0,37.0,25.3,0,34.8
380,68.0,30.0,25.0,0,31.5
410,65.0,33.0,24.6,0,23.4
415,71.0,37.0,25.1,0,32.2
420,75.0,40.0,25.4,0,36.2
400,67.0,32.0,24.9,0,22.3
445,69.0,39.0,24.7,0,35.8
440,74.0,42.0,25.4,0,41.7
460,73.0,41.0,25.0,0,39.4
475,58.0,28.0,23.8,1,38.3
480,70.0,38.0,24.8,1,51.5
515,71.0,44.0,24.9,0,35.0
520,79.0,50.0,25.6,0,48.4
555,76.0,49.0,25.0,0,39.3
560,83.0,58.0,25.6,0,52.8
535,60.0,30.0,23.9,1,28.9
540,77.0,48.0,25.5,1,64.1
580,80.0,52.0,25.5,0,50.6
615,81.0,57.0,25.3,0,50.0
620,85.0,62.0,25.8,0,64.5
590,82.0,50.0,25.4,0,35.1
600,88.0,55.0,25.9,0,43.0
680,89.0,68.0,25.9,0,68.4
650,84.0,60.0,25.2,1,64.8
660,82.0,56.0,25.0,1,62.6
695,81.0,55.0,25.2,1,53.6
700,86.0,63.0,25.7,1,69.4
730,90.0,65.0,25.7,0,74.8
760,93.0,72.0,26.2,0,74.8
775,88.0,69.0,25.6,0,65.5
780,92.0,74.0,26.1,0,67.9
800,94.0,80.0,26.2,0,72.7
810,95.0,82.0,26.4,0,64.6
820,93.0,78.0,26.0,0,74.9
850,91.0,76.0,25.6,1,85.8
880,93.0,81.0,26.0,0,66.5
900,97.0,88.0,26.6,0,79.7
950,98.0,92.0,26.7,0,80.5
920,97.0,90.0,26.6,0,79.3
940,95.0,85.0,26.3,1,91.4
175,52.40003973439876,22.251353587419377,23.9,0,0.0
183,57.351411790978034,14.14689443403849,23.9,0,10.3
180,55.319601007918216,19.051272222969253,23.9,0,12.7
185,54.95799710623928,17.44086821727926,23.9,0,5.8
365,73.94447983857238,35.198092092683645,25.3,0,17.7
364,74.81810301742009,36.40252802675614,25.3,0,27.6
364,72.92187696020625,32.1233522,25.3,0,38.0
362,74.19612575326818,34.85022226704124,25.3,0,15.8
396,72.29767613899014,40.66762401602209,25.3,0,33.1
403,73.61367629,35.71501653351068,25.3,0,26.4
403,75.33077296388338,38.09633219309224,25.3,0,40.2
397,75.03183152898997,38.29246300902365,25.3,0,31.2
385,66.98396245903847,28.463271812785383,25.0,0,28.0
383,65.96556817938031,31.847938267726487,25.0,0,30.2
383,67.71513135586281,27.479530569112416,25.0,0,36.4
377,65.93879696,31.951778363474105,25.0,0,25.5
415,66.35788567076298,31.00347087813392,24.6,0,28.1
409,65.58040331,33.350057427422186,24.6,0,17.6
414,67.17857194487047,33.670786646324046,24.6,0,34.6
408,66.69728390767973,33.20273720846667,24.6,0,22.3
418,72.57822056459635,32.62853254,25.1,0,27.7
418,70.20082195910675,35.588882037121614,25.1,0,31.4
415,70.31214437193329,41.48482393370319,25.1,0,25.1
416,68.83542221,39.90483506377444,25.1,0,34.4
424,74.16278742503556,40.48825919531502,25.4,0,42.6
421,76.46555583,42.13367973937856,25.4,0,40.3
423,74.12818731937891,38.612944622006296,25.4,0,26.3
418,77.14493970314288,39.42608702535516,25.4,0,36.7
405,64.16678196,29.24164314199517,24.9,0,29.3
404,68.24290186013441,32.42727721,24.9,0,16.9
399,65.93186838415866,32.47561907323014,24.9,0,20.6
402,68.56397598491834,31.07196038083929,24.9,0,32.8
444,67.34518514733337,37.91083846030479,24.7,0,32.2
448,68.04565526500417,35.41248106323288,24.7,0,32.2
447,67.82649414949319,39.03748235618306,24.7,0,42.6
445,70.20186664726478,40.33959352808984,24.7,0,35.8
440,73.75378628872645,40.73010506386754,25.4,0,41.0
439,73.80070447,36.937996698125914,25.4,0,51.4
445,70.69325096911399,39.008259517195555,25.4,0,33.7
435,74.99943556680859,39.28356283391982,25.4,0,32.0
460,76.24807074446517,39.93120808681572,25.0,0,39.3
457,74.84378892116771,38.19914695997037,25.0,0,37.9
463,70.62494486272355,39.982900772298315,25.0,0,31.3
457,75.10077034364349,35.818038730422955,25.0,0,27.9
477,58.59433901,26.217550132909615,23.8,1,42.4
473,54.384855364028866,28.21638852314161,23.8,1,29.6
475,58.58169052838676,28.06555643657033,23.8,1,25.0
477,62.00444722830229,27.281933117580927,23.8,1,36.0
481,70.44818908739079,38.659990051915294,24.8,1,42.7
475,73.39796893810109,40.50533373774373,24.8,1,43.9
482,73.65825722804891,34.43371083703145,24.8,1,46.0
476,68.40062116812562,35.22027217578343,24.8,1,32.9
520,67.55828463110923,45.90545284044321,24.9,0,38.9
516,70.44444325725307,39.587581116492025,24.9,0,46.3
514,71.78378461862549,46.51437970368314,24.9,0,41.6
515,75.99182722922947,52.74158739802199,24.9,0,41.5
519,76.52615469992034,43.60386115780607,25.6,0,38.9
525,79.66927865585959,47.56117671406902,25.6,0,42.9
520,77.46975800235047,49.57762734075085,25.6,0,43.8
520,81.66495058,50.47114570233603,25.6,0,45.3
555,73.41086561793547,43.975951165886926,25.0,0,44.9
551,74.78423022731667,48.83865234754504,25.0,0,31.9
558,76.32568630368222,51.94821853306917,25.0,0,49.8
557,74.75176100365212,45.44516870074892,25.0,0,38.5
557,81.18693483866062,64.38540919730549,25.6,0,57.3
555,80.94653330193904,60.51546761120903,25.6,0,46.2
565,85.32893253,59.15485289831759,25.6,0,62.3
558,82.60840525585478,57.87771242,25.6,0,59.9
540,61.1151805037052,28.63504955897766,23.9,1,38.1
540,56.93598559058188,26.166187277041143,23.9,1,20.3
531,63.94772814102609,30.479974840720313,23.9,1,39.3
539,59.703404184725294,30.857478418807627,23.9,1,35.3
540,77.54845625340964,46.76721830749879,25.5,1,44.4
538,79.76572177514973,49.28626931538484,25.5,1,56.0
543,77.45808609305476,44.3265929,25.5,1,55.0
543,73.57960200188583,52.95278379669375,25.5,1,58.8
575,79.55120197,50.85043803659204,25.5,0,48.6
584,83.65361073060551,48.67886295386953,25.5,0,50.2
578,81.60831698672261,50.81618463142123,25.5,0,57.3
578,79.98719533319982,51.50967130442646,25.5,0,55.5
620,84.51870465328429,57.27175472070524,25.3,0,35.9
610,82.60984698319214,50.84948369690693,25.3,0,47.0
613,78.89192432426782,53.34356081872912,25.3,0,47.6
615,78.80461908267813,55.99762967789757,25.3,0,39.4
615,81.68401820565109,62.09189447778325,25.8,0,56.5
622,83.78957641666605,61.01698071691412,25.8,0,63.9
616,86.34528859250982,66.01219432232823,25.8,0,53.3
620,84.61373580187525,59.91217216498789,25.8,0,58.2
590,82.60624197817805,50.52972007536113,25.4,0,43.2
585,79.28902981941658,50.27146934488362,25.4,0,43.0
593,88.29368509,55.63053383384501,25.4,0,62.6
589,79.86689162360295,49.13784991535247,25.4,0,43.5
599,86.52323246509128,55.94681501077102,25.9,0,57.7
600,91.0146340522206,52.81274848676917,25.9,0,44.1
597,82.63177742565337,54.51200223836528,25.9,0,63.7
603,85.34396397,53.41168171790178,25.9,0,56.9
676,91.8096518269816,67.71721233724233,25.9,0,63.5
679,84.60567902160842,63.598864263827025,25.9,0,62.9
680,85.78144354681493,64.70964326463609,25.9,0,52.1
677,93.59228382080327,76.71520150772122,25.9,0,76.9
654,83.07937760802993,61.02466665282153,25.2,1,62.7
645,88.32174411101398,57.03942876471529,25.2,1,63.5
655,85.94334394015436,61.304298223399854,25.2,1,63.1
646,83.05960982192475,59.59853110645188,25.2,1,60.3
660,81.40456564006334,55.200837529973136,25.0,1,64.6
656,82.58042472406564,54.33401834354295,25.0,1,62.0
659,84.53178954454957,56.46628798,25.0,1,66.3
661,82.87939102099801,56.159466042733605,25.0,1,61.5
698,79.19610491614289,55.94948278501992,25.2,1,64.4
699,80.75678350396628,61.27950492679179,25.2,1,62.1
697,81.96461638139125,52.71082837,25.2,1,74.2
696,78.21897132004146,58.57342886,25.2,1,52.7
696,87.20035850847903,57.766242039077426,25.7,1,74.9
695,88.31859620389545,64.36326101464309,25.7,1,79.3
697,84.82118798137513,63.79115161306956,25.7,1,64.2
705,86.13116699589061,62.12348644258933,25.7,1,82.6
733,89.37005655448279,65.45768754,25.7,0,68.8
726,93.67872993,57.30002467720611,25.7,0,66.3
733,90.44128105343113,65.88798197,25.7,0,63.6
729,89.07021354669678,59.72983465256425,25.7,0,58.4
756,97.31837553541048,67.39841578525159,26.2,0,68.1
759,95.15957003424548,71.01442433063131,26.2,0,72.6
759,90.36775372324011,70.99663148293237,26.2,0,76.6
759,96.25011149,73.74796572596313,26.2,0,73.2
779,90.94352972244424,70.31726003678872,25.6,0,61.0
775,92.35983631541949,70.31697948,25.6,0,71.9
772,87.25857261616324,69.19963744757762,25.6,0,69.7
778,86.25644044,71.96875180378456,25.6,0,69.2
775,93.95587585604416,73.42804682748452,26.1,0,75.4
777,94.92811773,76.25260696619378,26.1,0,71.2
781,93.8269367278466,69.28387923304028,26.1,0,63.4
782,91.83261707,70.48397842221556,26.1,0,63.5
796,97.77807108,81.91260143,26.2,0,67.8
803,92.25267392855314,76.9588479,26.2,0,74.3
795,90.95859962654718,77.98657916781026,26.2,0,72.2
797,94.78002367887812,83.46593611,26.2,0,74.4
805,89.27177622850475,82.91310018709078,26.4,0,57.6
811,95.18008393308143,83.24167085611808,26.4,0,70.6
810,89.84190430798814,80.22668972442668,26.4,0,81.0
810,96.47726580698338,77.25521680163817,26.4,0,71.7
822,93.92089153175164,80.53975195753021,26.0,0,77.2
815,91.57264084619553,80.44129106989863,26.0,0,65.5
823,93.58219505034292,78.70320267809609,26.0,0,82.6
818,93.67585809820432,75.40996420578186,26.0,0,71.4
850,90.61869367,77.15018159306048,25.6,1,82.8
848,93.49956061727572,72.82439175406478,25.6,1,94.1
853,94.70363886914744,73.76923531,25.6,1,90.3
849,88.94437496,76.60691857549358,25.6,1,78.3
881,93.02856513890166,84.98688177131096,26.0,0,74.5
880,95.14198495641632,83.52546020067018,26.0,0,76.2
879,98.8191327508652,80.38451493340187,26.0,0,81.2
876,87.99119426983371,85.81276308455142,26.0,0,75.5
895,97.26970111085758,91.92865205458158,26.6,0,83.3
902,92.99435114735267,84.24505835768159,26.6,0,88.9
905,95.01465927493643,89.31890981805098,26.6,0,82.9
900,98.31046960703192,88.82882253798566,26.6,0,98.4
950,92.22474141,92.16306075617116,26.7,0,85.6
946,96.82055991590416,93.37815731514983,26.7,0,98.2
945,98.34560358,94.28039925612757,26.7,0,90.7
946,98.57302843528768,93.59019412,26.7,0,94.1
917,96.55097146542136,90.59032828997088,26.6,0,80.7
917,99.05132118854355,88.81877648332629,26.6,0,80.2
918,96.33540302021156,89.64737349801561,26.6,0,87.3
922,99.07379760506018,84.02081888683753,26.6,0,88.9
945,91.29453650639294,77.99915164045508,26.3,1,86.3
943,93.30433889961206,87.24830169918322,26.3,1,83.8
945,95.49447520485462,88.26765249013238,26.3,1,84.8
945,98.31921533066922,84.79258619582158,26.3,1,83.9
